[
  {
    "name": "narendra ravindranath  kadam ",
    "email": "rocknarendrarock@gmail.com ",
    "education": "b.tech , cse , t.y  2025   ",
    "skills": "python , dbms , javascript , oprating system analysit , cyber security  expert  ",
    "preferences": "india "
  },
  {
    "name": "narendra kadam ",
    "email": "rocknaredrarock@gmail.com",
    "education": "b.tech T.Y CSE (A)  , year 2025 ",
    "skills": "python , javascript , cyber security expert ,  oprating system expert",
    "preferences": "india "
  }
]